sys_host_setup	Host.menu.sh	Updating Host System Software
sys_preparing	Preparing.menu.sh	Preparing the Host System for Build
lfs_Cross_Toolchain	Cross-Toolchain.menu.sh	Compiling a Cross-Toolchain
lfs_Cross_TempTools	XCompilingTempTools.sh	Cross Compiling Temporary Tools
lfs_Cross_adddon_tempTools	Chroot-Addon-TempTools.menu.sh	Entering Chroot and Building Additional Temporary Tools
lfs_System_Software	Install-System-Software.menu.sh	Installing Basic System Software
lfs_System_Config	System-Config.menu.sh	System Configuration
BLFSLibraryFoundation	BLFS-Library Foundation.menu.sh	BLFS Library Foundation
BLFSSupportLibrary	BLFS-Support Library.menu.sh	BLFS Support Library
BLFSSupportApplications	BLFS-Support Applications.menu.sh	BLFS Support Applications
