testrun	test pass.sh	Test Setup
bldMan-pages	na.sh	Undefined.
bldIana-Etc	na.sh	Undefined.
bldGlibc	na.sh	Undefined.
bldZlib	na.sh	Undefined.
bldBzip2	na.sh	Undefined.
bldXz	na.sh	Undefined.
bldLz4	na.sh	Undefined.
bldZstd	na.sh	Undefined.
bldFile	na.sh	Undefined.
bldReadline	na.sh	Undefined.
bldM4	na.sh	Undefined.
bldBc	na.sh	Undefined.
bldFlex	na.sh	Undefined.
bldTcl	na.sh	Undefined.
bldExpect	na.sh	Undefined.
bldDejaGNU	na.sh	Undefined.
bldPkgconf	na.sh	Undefined.
bldBinutils	na.sh	Undefined.
bldGMP	na.sh	Undefined.
bldMPFR	na.sh	Undefined.
bldMPC	na.sh	Undefined.
bldAttr	na.sh	Undefined.
bldAcl	na.sh	Undefined.
bldLibcap	na.sh	Undefined.
bldLibxcrypt	na.sh	Undefined.
bldShadow	na.sh	Undefined.
bldGCC	na.sh	Undefined.
bldNcurses	na.sh	Undefined.
bldSed	na.sh	Undefined.
bldPsmisc	na.sh	Undefined.
bldGettext	na.sh	Undefined.
bldBison	na.sh	Undefined.
bldGrep	na.sh	Undefined.
bldBash	na.sh	Undefined.
bldLibtool	na.sh	Undefined.
bldGDBM	na.sh	Undefined.
bldGperf	na.sh	Undefined.
bldExpat	na.sh	Undefined.
bldInetutils	na.sh	Undefined.
bldLess	na.sh	Undefined.
bldPerl	na.sh	Undefined.
bldXMLParser	na.sh	Undefined.
bldIntltool	na.sh	Undefined.
bldAutoconf	na.sh	Undefined.
bldAutomake	na.sh	Undefined.
bldOpenSSL	na.sh	Undefined.
bldLibelffromElfutils	na.sh	Undefined.
bldLibffi	na.sh	Undefined.
bldPython	na.sh	Undefined.
bldFlitCore	na.sh	Undefined.
bldPackaging	na.sh	Undefined.
bldWheel	na.sh	Undefined.
bldSetuptools	na.sh	Undefined.
bldNinja	na.sh	Undefined.
bldMeson	na.sh	Undefined.
bldKmod	na.sh	Undefined.
bldCoreutils	na.sh	Undefined.
bldDiffutils	na.sh	Undefined.
bldGawk	na.sh	Undefined.
bldFindutils	na.sh	Undefined.
bldGroff	na.sh	Undefined.
bldGRUB	na.sh	Undefined.
bldGzip	na.sh	Undefined.
bldIPRoute2	na.sh	Undefined.
bldKbd	na.sh	Undefined.
bldLibpipeline	na.sh	Undefined.
bldMake	na.sh	Undefined.
bldPatch	na.sh	Undefined.
bldTar	na.sh	Undefined.
bldTexinfo	na.sh	Undefined.
bldVim	na.sh	Undefined.
bldMarkupSafe	na.sh	Undefined.
bldJinja	na.sh	Undefined.
bldUdevfromSystemd	na.sh	Undefined.
bldManDB	na.sh	Undefined.
bldProcpsng	na.sh	Undefined.
bldUtillinux	na.sh	Undefined.
bldE2fsprogs	na.sh	Undefined.
bldSysklogd	na.sh	Undefined.
bldSysVinit	na.sh	Undefined.
